Pointing,RA,DEC,Rise_time_sidereal_20_deg,Set_time_sidereal_20_deg,Obs_type,Priority
J1939-6342,19:39:25.0264,-63:42:45.625,12:31:20.43807356,2:53:00.66479328,Flux_Cal,1
J0408-6545,04:08:20.3782,-65:45:09.08,20:49:41.76329538,11:32:25.11609402,Flux_Cal,1
