Pointing,RA,DEC,Rise_time_sidereal_20_deg,Set_time_sidereal_20_deg,Obs_type,Priority
J1218-4600,12:18:06,-46:00:29,6:12:20.9808736,18:28:18.11823636,gaincal,1
J1424-4913,14:24:32,-49:13:50,8:08:06.72168361,20:44:10.83378298,gaincal,1
J1726-5529,17:26:50,-55:29:40,10:51:21.25094324,0:05:10.89965024,gaincal,1
J1733-1304,17:33:03,-13:04:50,12:42:03.65344129,22:26:57.55444063,gaincal,1
J1744-5144,17:44:25,-51:44:44,11:22:39.61934257,0:10:10.41937506,gaincal,1
J1819-6345,18:19:35,-63:45:48,11:10:03.0828113,1:33:24.49466009,gaincal,1
J1830-3602,18:30:59,-36:02:30,12:48:49.66576588,0:15:55.64885503,gaincal,1
J1833-2103,18:33:40,-21:03:40,13:24:12.15031356,23:45:56.01921663,gaincal,1
