Pointing,RA,DEC,Rise_time_sidereal_20_deg,Set_time_sidereal_20_deg,Obs_type,Priority
3C286,13:31:08.2879,+30:30:32.958,11:22:17.47161115,15:32:13.08821805,polcal,1
3C138,05:21:09.886021,+16:38:22.05122,2:00:39.76670353,8:49:38.05794623,polcal,1
