Pointing,RA,DEC,Rise_time_sidereal_20_deg,Set_time_sidereal_20_deg,Obs_type,Priority
J1424-4913,14:24:32,-49:13:50,8:08:06.721494,20:44:10.8337808,gaincal,1
J1726-5529,17:26:50,-55:29:40,10:51:21.25075054,0:05:10.89963079,gaincal,1
J1733-1304,17:33:03,-13:04:50,12:42:03.65332718,22:26:57.55434177,gaincal,1
J1744-5144,17:44:25,-51:44:44,11:22:39.61914928,0:10:10.41935554,gaincal,1
J1819-6345,18:19:35,-63:45:48,11:10:03.0825779,1:33:24.49467965,gaincal,1
J1830-3602,18:30:59,-36:02:30,12:48:49.66561131,0:15:55.64879509,gaincal,1
J1833-2103,18:33:40,-21:03:40,13:24:12.15019866,23:45:56.01911674,gaincal,1
